{"cameraMode":{"drawMode":0,"name":"Shaded","section":"Shading Mode"},"sceneLighting":true,"audioPlay":false,"sceneViewState":{"showFog":true,"showMaterialUpdate":false,"showSkybox":true,"showFlares":true,"showImageEffects":true,"showParticleSystems":true},"in2DMode":false,"pivot":{"x":2.619999885559082,"y":5.480000019073486,"z":4.179999828338623},"rotation":{"x":0.41895753145217898,"y":-0.006814372260123491,"z":0.003144219284877181,"w":0.9079758524894714},"size":1.7954517602920533,"orthographic":false}