{"cameraMode":{"drawMode":0,"name":"Shaded","section":"Shading Mode"},"sceneLighting":false,"audioPlay":false,"sceneViewState":{"showFog":true,"showMaterialUpdate":false,"showSkybox":false,"showFlares":true,"showImageEffects":true,"showParticleSystems":true},"in2DMode":false,"pivot":{"x":1662.1304931640625,"y":130.81149291992188,"z":154.14892578125},"rotation":{"x":0.049183476716279986,"y":-0.10914751887321472,"z":0.00540723605081439,"w":0.9927933812141419},"size":1710.971923828125,"orthographic":false}