{"cameraMode":{"drawMode":0,"name":"Shaded","section":"Shading Mode"},"sceneLighting":false,"audioPlay":false,"sceneViewState":{"showFog":false,"showMaterialUpdate":false,"showSkybox":false,"showFlares":false,"showImageEffects":false,"showParticleSystems":false},"in2DMode":false,"pivot":{"x":11.800000190734864,"y":3.072999954223633,"z":-5.510000228881836},"rotation":{"x":0.531437337398529,"y":0.015245961956679821,"z":-0.009566918946802616,"w":0.8469064235687256},"size":7.101842880249023,"orthographic":false}