{"cameraMode":{"drawMode":0,"name":"Shaded","section":"Shading Mode"},"sceneLighting":false,"audioPlay":false,"sceneViewState":{"showFog":true,"showMaterialUpdate":false,"showSkybox":false,"showFlares":true,"showImageEffects":true,"showParticleSystems":true},"in2DMode":false,"pivot":{"x":13.100659370422364,"y":2.4097423553466799,"z":5.260405540466309},"rotation":{"x":0.13213315606117249,"y":-0.6111159920692444,"z":0.10438889265060425,"w":0.7734217047691345},"size":20.23917579650879,"orthographic":false}