{"cameraMode":{"drawMode":0,"name":"Shaded","section":"Shading Mode"},"sceneLighting":false,"audioPlay":false,"sceneViewState":{"showFog":true,"showMaterialUpdate":false,"showSkybox":false,"showFlares":true,"showImageEffects":true,"showParticleSystems":true},"in2DMode":false,"pivot":{"x":11.255339622497559,"y":0.7182857394218445,"z":5.815845012664795},"rotation":{"x":0.18859133124351502,"y":0.3976389467716217,"z":-0.08388155698776245,"w":0.8940249681472778},"size":3.983210802078247,"orthographic":false}