{"cameraMode":{"drawMode":0,"name":"Shaded","section":"Shading Mode"},"sceneLighting":false,"audioPlay":false,"sceneViewState":{"showFog":true,"showMaterialUpdate":false,"showSkybox":false,"showFlares":true,"showImageEffects":true,"showParticleSystems":true},"in2DMode":false,"pivot":{"x":11.045602798461914,"y":-2.2684226036071779,"z":13.130559921264649},"rotation":{"x":0.3253158628940582,"y":-0.028362086042761804,"z":0.009762661531567574,"w":0.9451295733451843},"size":26.164533615112306,"orthographic":false}