{"cameraMode":{"drawMode":0,"name":"Shaded","section":"Shading Mode"},"sceneLighting":false,"audioPlay":false,"sceneViewState":{"showFog":true,"showMaterialUpdate":false,"showSkybox":false,"showFlares":true,"showImageEffects":true,"showParticleSystems":true},"in2DMode":false,"pivot":{"x":0.6612215638160706,"y":0.036154817789793017,"z":1.2418427467346192},"rotation":{"x":0.10886526852846146,"y":0.4882335364818573,"z":-0.061571478843688968,"w":0.8637044429779053},"size":3.939851999282837,"orthographic":false}