{"cameraMode":{"drawMode":0,"name":"Shaded","section":"Shading Mode"},"sceneLighting":false,"audioPlay":false,"sceneViewState":{"showFog":true,"showMaterialUpdate":false,"showSkybox":true,"showFlares":true,"showImageEffects":true,"showParticleSystems":true},"in2DMode":false,"pivot":{"x":0.2571171820163727,"y":1.0208438634872437,"z":1.2944378852844239},"rotation":{"x":0.1577797532081604,"y":0.6142295002937317,"z":-0.12707222998142243,"w":0.7626798152923584},"size":1.8471550941467286,"orthographic":false}