{"cameraMode":{"drawMode":0,"name":"Shaded","section":"Shading Mode"},"sceneLighting":false,"audioPlay":false,"sceneViewState":{"showFog":false,"showMaterialUpdate":false,"showSkybox":false,"showFlares":false,"showImageEffects":false,"showParticleSystems":false},"in2DMode":false,"pivot":{"x":11.800000190734864,"y":2.890000104904175,"z":-10.0600004196167},"rotation":{"x":0.531437337398529,"y":0.015245961956679821,"z":-0.009566918946802616,"w":0.8469064235687256},"size":8.1163911819458,"orthographic":false}