{"cameraMode":{"drawMode":0,"name":"Shaded","section":"Shading Mode"},"sceneLighting":false,"audioPlay":false,"sceneViewState":{"showFog":true,"showMaterialUpdate":false,"showSkybox":false,"showFlares":true,"showImageEffects":true,"showParticleSystems":true},"in2DMode":false,"pivot":{"x":-55.64015579223633,"y":1.3466174602508546,"z":-43.7274055480957},"rotation":{"x":0.37295880913734438,"y":0.005822573322802782,"z":-0.0024233837611973287,"w":0.9278265237808228},"size":4.689639568328857,"orthographic":false}