{"cameraMode":{"drawMode":0,"name":"Shaded","section":"Shading Mode"},"sceneLighting":true,"audioPlay":false,"sceneViewState":{"showFog":false,"showMaterialUpdate":false,"showSkybox":false,"showFlares":false,"showImageEffects":false,"showParticleSystems":false},"in2DMode":false,"pivot":{"x":-2.086162567138672e-7,"y":0.9620358943939209,"z":17.82381820678711},"rotation":{"x":0.5059592723846436,"y":0.022766243666410447,"z":-0.013360311277210713,"w":0.8621534109115601},"size":6.511028289794922,"orthographic":false}